Time (min),Temperature (°C),Weight (mg),Weight (%)
0.08,22.62,13.648,100.085
0.25,22.61,13.649,100.091
0.42,22.6,13.648,100.085
0.58,22.6,13.647,100.079
0.75,22.62,13.646,100.072
0.92,22.73,13.645,100.065
1.08,22.94,13.644,100.057
1.25,23.2,13.643,100.048
1.42,23.52,13.642,100.039
1.58,23.86,13.641,100.03
1.75,24.23,13.639,100.021
1.92,24.61,13.638,100.012
2.08,24.99,13.637,100.003
2.25,25.39,13.636,99.994
2.42,25.79,13.634,99.985
2.58,26.19,13.633,99.976
2.75,26.58,13.632,99.966
2.92,26.96,13.631,99.957
3.08,27.34,13.63,99.948
3.25,27.7,13.628,99.939
3.42,28.06,13.627,99.93
3.58,28.42,13.626,99.921
3.75,28.77,13.625,99.912
3.92,29.12,13.623,99.902
4.08,29.47,13.622,99.893
4.25,29.82,13.621,99.884
4.42,30.17,13.619,99.874
4.58,30.51,13.618,99.865
4.75,30.85,13.617,99.856
4.92,31.18,13.616,99.847
5.08,31.51,13.614,99.837
5.25,31.83,13.613,99.828
5.42,32.16,13.612,99.819
5.58,32.49,13.611,99.809
5.75,32.82,13.609,99.8
5.92,33.15,13.608,99.791
6.08,33.48,13.607,99.782
6.25,33.8,13.606,99.772
6.42,34.13,13.604,99.763
6.58,34.46,13.603,99.754
6.75,34.78,13.602,99.744
6.92,35.11,13.6,99.735
7.08,35.43,13.599,99.726
7.25,35.76,13.598,99.716
7.42,36.11,13.597,99.706
7.58,36.45,13.595,99.697
7.75,36.77,13.594,99.687
7.92,37.09,13.593,99.677
8.08,37.43,13.591,99.667
8.25,37.77,13.59,99.657
8.42,38.11,13.589,99.648
8.58,38.44,13.587,99.638
8.75,38.79,13.586,99.627
8.92,39.13,13.584,99.617
9.08,39.47,13.583,99.607
9.25,39.79,13.582,99.596
9.42,40.12,13.58,99.586
9.58,40.46,13.579,99.576
9.75,40.79,13.577,99.565
9.92,41.12,13.576,99.555
10.08,41.45,13.574,99.544
10.25,41.78,13.573,99.534
10.42,42.1,13.572,99.523
10.58,42.44,13.57,99.512
10.75,42.76,13.569,99.501
10.92,43.09,13.567,99.491
11.08,43.43,13.566,99.48
11.25,43.77,13.564,99.469
11.42,44.12,13.563,99.458
11.58,44.45,13.561,99.447
11.75,44.78,13.56,99.436
11.92,45.11,13.558,99.424
12.08,45.44,13.557,99.413
12.25,45.77,13.555,99.402
12.42,46.1,13.553,99.391
12.58,46.43,13.552,99.379
12.75,46.76,13.55,99.368
12.92,47.1,13.549,99.356
13.08,47.44,13.547,99.344
13.25,47.77,13.546,99.333
13.42,48.1,13.544,99.321
13.58,48.43,13.542,99.309
13.75,48.75,13.541,99.298
13.92,49.08,13.539,99.286
14.08,49.41,13.538,99.274
14.25,49.74,13.536,99.262
14.42,50.07,13.534,99.25
14.58,50.4,13.533,99.238
14.75,50.74,13.531,99.225
14.92,51.07,13.529,99.213
15.08,51.41,13.528,99.201
15.25,51.74,13.526,99.189
15.42,52.07,13.524,99.176
15.58,52.39,13.523,99.164
15.75,52.72,13.521,99.151
15.92,53.06,13.519,99.139
16.08,53.39,13.517,99.126
16.25,53.72,13.516,99.113
16.42,54.05,13.514,99.101
16.58,54.37,13.512,99.088
16.75,54.7,13.51,99.075
16.92,55.03,13.509,99.062
17.08,55.36,13.507,99.049
17.25,55.69,13.505,99.036
17.42,56.02,13.503,99.023
17.58,56.34,13.502,99.01
17.75,56.67,13.5,98.997
17.92,57,13.498,98.984
18.08,57.34,13.496,98.97
18.25,57.66,13.494,98.957
18.42,58,13.492,98.943
18.58,58.33,13.491,98.93
18.75,58.66,13.489,98.916
18.92,58.99,13.487,98.902
19.08,59.33,13.485,98.889
19.25,59.65,13.483,98.875
19.42,59.98,13.481,98.861
19.58,60.31,13.479,98.848
19.75,60.63,13.478,98.834
19.92,60.96,13.476,98.82
20.08,61.29,13.474,98.806
20.25,61.62,13.472,98.792
20.42,61.96,13.47,98.778
20.58,62.3,13.468,98.764
20.75,62.64,13.466,98.75
20.92,62.96,13.464,98.737
21.08,63.29,13.462,98.722
21.25,63.62,13.46,98.708
21.42,63.95,13.458,98.694
21.58,64.27,13.457,98.68
21.75,64.6,13.455,98.666
21.92,64.92,13.453,98.652
22.08,65.25,13.451,98.638
22.25,65.58,13.449,98.623
22.42,65.91,13.447,98.609
22.58,66.23,13.445,98.595
22.75,66.55,13.443,98.58
22.92,66.88,13.441,98.566
23.08,67.22,13.439,98.552
23.25,67.55,13.437,98.537
23.42,67.88,13.435,98.522
23.58,68.21,13.433,98.508
23.75,68.55,13.431,98.493
23.92,68.88,13.429,98.479
24.08,69.21,13.427,98.464
24.25,69.52,13.425,98.45
24.42,69.84,13.423,98.435
24.58,70.16,13.421,98.421
24.75,70.49,13.419,98.406
24.92,70.82,13.417,98.391
25.08,71.15,13.415,98.376
25.25,71.49,13.413,98.361
25.42,71.82,13.411,98.347
25.58,72.14,13.409,98.332
25.75,72.47,13.407,98.317
25.92,72.79,13.405,98.302
26.08,73.13,13.403,98.287
26.25,73.47,13.401,98.272
26.42,73.8,13.399,98.257
26.58,74.13,13.397,98.242
26.75,74.45,13.395,98.227
26.92,74.77,13.393,98.212
27.08,75.09,13.391,98.197
27.25,75.41,13.389,98.182
27.42,75.74,13.387,98.167
27.58,76.06,13.385,98.152
27.75,76.39,13.383,98.137
27.92,76.73,13.381,98.122
28.08,77.06,13.378,98.107
28.25,77.4,13.376,98.092
28.42,77.73,13.374,98.076
28.58,78.05,13.372,98.061
28.75,78.38,13.37,98.046
28.92,78.7,13.368,98.031
29.08,79.03,13.366,98.016
29.25,79.35,13.364,98.001
29.42,79.68,13.362,97.986
29.58,80.01,13.36,97.971
29.75,80.33,13.358,97.955
29.92,80.66,13.356,97.94
30.08,80.98,13.354,97.925
30.25,81.31,13.352,97.91
30.42,81.63,13.349,97.895
30.58,81.95,13.347,97.88
30.75,82.29,13.345,97.864
30.92,82.62,13.343,97.849
31.08,82.94,13.341,97.834
31.25,83.27,13.339,97.819
31.42,83.6,13.337,97.803
31.58,83.93,13.335,97.788
31.75,84.25,13.333,97.773
31.92,84.58,13.331,97.758
32.08,84.91,13.329,97.743
32.25,85.24,13.327,97.727
32.42,85.57,13.325,97.712
32.58,85.89,13.322,97.697
32.75,86.21,13.32,97.682
32.92,86.53,13.318,97.667
33.08,86.86,13.316,97.651
33.25,87.19,13.314,97.636
33.42,87.51,13.312,97.621
33.58,87.84,13.31,97.606
33.75,88.17,13.308,97.591
33.92,88.49,13.306,97.575
34.08,88.83,13.304,97.56
34.25,89.16,13.302,97.545
34.42,89.49,13.3,97.53
34.58,89.81,13.298,97.515
34.75,90.14,13.296,97.5
34.92,90.46,13.294,97.485
35.08,90.79,13.292,97.47
35.25,91.11,13.289,97.455
35.42,91.44,13.287,97.44
35.58,91.77,13.285,97.425
35.75,92.11,13.283,97.41
35.92,92.44,13.281,97.395
36.08,92.77,13.279,97.379
36.25,93.09,13.277,97.365
36.42,93.41,13.275,97.35
36.58,93.73,13.273,97.335
36.75,94.05,13.271,97.32
36.92,94.38,13.269,97.305
37.08,94.71,13.267,97.291
37.25,95.03,13.265,97.276
37.42,95.36,13.263,97.261
37.58,95.68,13.261,97.247
37.75,96,13.259,97.232
37.92,96.33,13.257,97.217
38.08,96.66,13.255,97.203
38.25,96.99,13.253,97.188
38.42,97.31,13.251,97.174
38.58,97.64,13.249,97.159
38.75,97.97,13.247,97.144
38.92,98.3,13.245,97.13
39.08,98.63,13.243,97.116
39.25,98.95,13.241,97.101
39.42,99.28,13.239,97.087
39.58,99.6,13.237,97.073
39.75,99.93,13.235,97.059
39.92,100.26,13.234,97.044
40.08,100.58,13.232,97.03
40.25,100.91,13.23,97.016
40.42,101.23,13.228,97.002
40.58,101.56,13.226,96.988
40.75,101.88,13.224,96.974
40.92,102.21,13.222,96.96
41.08,102.53,13.22,96.946
41.25,102.86,13.218,96.932
41.42,103.19,13.216,96.918
41.58,103.52,13.214,96.904
41.75,103.84,13.213,96.89
41.92,104.16,13.211,96.877
42.08,104.49,13.209,96.863
42.25,104.82,13.207,96.85
42.42,105.15,13.205,96.836
42.58,105.48,13.203,96.823
42.75,105.8,13.202,96.81
42.92,106.13,13.2,96.796
43.08,106.47,13.198,96.783
43.25,106.79,13.196,96.769
43.42,107.12,13.194,96.756
43.58,107.45,13.192,96.743
43.75,107.78,13.191,96.73
43.92,108.1,13.189,96.717
44.08,108.43,13.187,96.704
44.25,108.75,13.185,96.691
44.42,109.07,13.184,96.679
44.58,109.4,13.182,96.666
44.75,109.72,13.18,96.653
44.92,110.05,13.178,96.641
45.08,110.37,13.177,96.628
45.25,110.68,13.175,96.616
45.42,111.01,13.173,96.603
45.58,111.34,13.172,96.591
45.75,111.66,13.17,96.579
45.92,111.98,13.168,96.566
46.08,112.31,13.167,96.554
46.25,112.64,13.165,96.542
46.42,112.96,13.163,96.53
46.58,113.29,13.162,96.518
46.75,113.61,13.16,96.506
46.92,113.94,13.159,96.495
47.08,114.26,13.157,96.483
47.25,114.59,13.155,96.471
47.42,114.92,13.154,96.459
47.58,115.25,13.152,96.448
47.75,115.58,13.151,96.436
47.92,115.9,13.149,96.425
48.08,116.22,13.147,96.413
48.25,116.56,13.146,96.402
48.42,116.89,13.144,96.391
48.58,117.21,13.143,96.38
48.75,117.54,13.141,96.369
48.92,117.86,13.14,96.357
49.08,118.18,13.138,96.347
49.25,118.5,13.137,96.336
49.42,118.83,13.135,96.325
49.58,119.17,13.134,96.314
49.75,119.5,13.132,96.303
49.92,119.83,13.131,96.293
50.08,120.16,13.13,96.282
50.25,120.48,13.128,96.272
50.42,120.8,13.127,96.261
50.58,121.12,13.125,96.251
50.75,121.44,13.124,96.241
50.92,121.77,13.123,96.231
51.08,122.1,13.121,96.221
51.25,122.41,13.12,96.211
51.42,122.73,13.119,96.201
51.58,123.06,13.117,96.191
51.75,123.38,13.116,96.181
51.92,123.71,13.115,96.172
52.08,124.03,13.113,96.162
52.25,124.36,13.112,96.153
52.42,124.69,13.111,96.143
52.58,125.02,13.109,96.134
52.75,125.35,13.108,96.124
52.92,125.68,13.107,96.115
53.08,126.02,13.106,96.106
53.25,126.35,13.104,96.097
53.42,126.67,13.103,96.088
53.58,126.99,13.102,96.079
53.75,127.31,13.101,96.07
53.92,127.63,13.099,96.061
54.08,127.96,13.098,96.052
54.25,128.28,13.097,96.044
54.42,128.61,13.096,96.035
54.58,128.93,13.095,96.027
54.75,129.27,13.094,96.018
54.92,129.59,13.092,96.01
55.08,129.9,13.091,96.002
55.25,130.22,13.09,95.994
55.42,130.55,13.089,95.986
55.58,130.87,13.088,95.978
55.75,131.2,13.087,95.97
55.92,131.53,13.086,95.962
56.08,131.85,13.085,95.954
56.25,132.18,13.084,95.946
56.42,132.51,13.083,95.938
56.58,132.85,13.082,95.93
56.75,133.18,13.081,95.923
56.92,133.5,13.08,95.915
57.08,133.82,13.079,95.908
57.25,134.15,13.078,95.9
57.42,134.47,13.077,95.893
57.58,134.79,13.076,95.886
57.75,135.12,13.075,95.878
57.92,135.45,13.074,95.871
58.08,135.77,13.073,95.864
58.25,136.09,13.072,95.857
58.42,136.41,13.071,95.85
58.58,136.74,13.07,95.843
58.75,137.08,13.069,95.836
58.92,137.4,13.068,95.829
59.08,137.72,13.067,95.822
59.25,138.04,13.066,95.816
59.42,138.37,13.065,95.809
59.58,138.69,13.064,95.802
59.75,139.01,13.063,95.796
59.92,139.33,13.062,95.789
60.08,139.66,13.062,95.783
60.25,139.99,13.061,95.777
60.42,140.31,13.06,95.77
60.58,140.63,13.059,95.764
60.75,140.96,13.058,95.758
60.92,141.28,13.057,95.751
61.08,141.62,13.056,95.745
61.25,141.94,13.055,95.738
61.42,142.26,13.055,95.732
61.58,142.58,13.054,95.726
61.75,142.91,13.053,95.72
61.92,143.24,13.052,95.714
62.08,143.57,13.051,95.708
62.25,143.9,13.05,95.702
62.42,144.23,13.05,95.696
62.58,144.55,13.049,95.69
62.75,144.88,13.048,95.684
62.92,145.21,13.047,95.678
63.08,145.53,13.046,95.673
63.25,145.85,13.046,95.667
63.42,146.17,13.045,95.661
63.58,146.5,13.044,95.656
63.75,146.82,13.043,95.65
63.92,147.14,13.043,95.644
64.08,147.46,13.042,95.639
64.25,147.79,13.041,95.633
64.42,148.12,13.04,95.628
64.58,148.45,13.04,95.622
64.75,148.79,13.039,95.616
64.92,149.11,13.038,95.611
65.08,149.43,13.037,95.605
65.25,149.76,13.037,95.6
65.42,150.09,13.036,95.594
65.58,150.42,13.035,95.589
65.75,150.74,13.034,95.583
65.92,151.06,13.034,95.578
66.08,151.38,13.033,95.573
66.25,151.71,13.032,95.568
66.42,152.04,13.031,95.562
66.58,152.37,13.031,95.557
66.75,152.69,13.03,95.552
66.92,153.02,13.029,95.546
67.08,153.35,13.029,95.541
67.25,153.67,13.028,95.536
67.42,153.99,13.027,95.531
67.58,154.3,13.026,95.526
67.75,154.62,13.026,95.52
67.92,154.95,13.025,95.515
68.08,155.28,13.024,95.51
68.25,155.61,13.024,95.505
68.42,155.93,13.023,95.5
68.58,156.26,13.022,95.494
68.75,156.58,13.021,95.489
68.92,156.9,13.021,95.484
69.08,157.22,13.02,95.479
69.25,157.54,13.019,95.474
69.42,157.88,13.019,95.469
69.58,158.22,13.018,95.464
69.75,158.55,13.017,95.459
69.92,158.88,13.017,95.454
70.08,159.2,13.016,95.449
70.25,159.52,13.015,95.444
70.42,159.85,13.015,95.438
70.58,160.17,13.014,95.433
70.75,160.49,13.013,95.428
70.92,160.8,13.012,95.423
71.08,161.12,13.012,95.418
71.25,161.44,13.011,95.413
71.42,161.77,13.01,95.408
71.58,162.1,13.01,95.403
71.75,162.42,13.009,95.398
71.92,162.76,13.008,95.393
72.08,163.09,13.008,95.388
72.25,163.41,13.007,95.383
72.42,163.73,13.006,95.378
72.58,164.06,13.006,95.373
72.75,164.39,13.005,95.368
72.92,164.7,13.004,95.363
73.08,165.03,13.004,95.358
73.25,165.35,13.003,95.353
73.42,165.68,13.002,95.348
73.58,166.01,13.001,95.343
73.75,166.33,13.001,95.338
73.92,166.65,13,95.333
74.08,166.98,12.999,95.328
74.25,167.3,12.999,95.323
74.42,167.63,12.998,95.318
74.58,167.95,12.997,95.313
74.75,168.27,12.997,95.308
74.92,168.6,12.996,95.303
75.08,168.92,12.995,95.298
75.25,169.25,12.995,95.293
75.42,169.58,12.994,95.288
75.58,169.9,12.993,95.283
75.75,170.22,12.993,95.278
75.92,170.55,12.992,95.273
76.08,170.87,12.991,95.268
76.25,171.2,12.991,95.263
76.42,171.52,12.99,95.258
76.58,171.85,12.989,95.253
76.75,172.17,12.989,95.248
76.92,172.5,12.988,95.243
77.08,172.82,12.987,95.238
77.25,173.15,12.987,95.233
77.42,173.48,12.986,95.228
77.58,173.81,12.985,95.223
77.75,174.13,12.984,95.218
77.92,174.46,12.984,95.213
78.08,174.78,12.983,95.208
78.25,175.1,12.982,95.203
78.42,175.42,12.982,95.198
78.58,175.74,12.981,95.193
78.75,176.07,12.98,95.188
78.92,176.4,12.98,95.183
79.08,176.72,12.979,95.178
79.25,177.05,12.978,95.173
79.42,177.38,12.978,95.168
79.58,177.7,12.977,95.163
79.75,178.02,12.976,95.158
79.92,178.34,12.976,95.153
80.08,178.67,12.975,95.148
80.25,179,12.974,95.143
80.42,179.33,12.973,95.138
80.58,179.66,12.973,95.132
80.75,179.98,12.972,95.127
80.92,180.3,12.971,95.122
81.08,180.62,12.971,95.117
81.25,180.94,12.97,95.112
81.42,181.26,12.969,95.107
81.58,181.59,12.969,95.102
81.75,181.91,12.968,95.097
81.92,182.24,12.967,95.092
82.08,182.57,12.967,95.087
82.25,182.89,12.966,95.082
82.42,183.21,12.965,95.076
82.58,183.53,12.964,95.071
82.75,183.86,12.964,95.066
82.92,184.19,12.963,95.061
83.08,184.52,12.962,95.056
83.25,184.85,12.962,95.051
83.42,185.17,12.961,95.046
83.58,185.49,12.96,95.041
83.75,185.81,12.96,95.035
83.92,186.13,12.959,95.03
84.08,186.46,12.958,95.025
84.25,186.78,12.957,95.02
84.42,187.11,12.957,95.015
84.58,187.43,12.956,95.009
84.75,187.76,12.955,95.004
84.92,188.09,12.955,94.998
85.08,188.41,12.954,94.993
85.25,188.74,12.953,94.988
85.42,189.06,12.952,94.982
85.58,189.38,12.952,94.977
85.75,189.71,12.951,94.972
85.92,190.03,12.95,94.966
86.08,190.35,12.949,94.961
86.25,190.68,12.949,94.955
86.42,191,12.948,94.95
86.58,191.32,12.947,94.944
86.75,191.65,12.946,94.939
86.92,191.97,12.946,94.933
87.08,192.29,12.945,94.928
87.25,192.63,12.944,94.923
87.42,192.96,12.943,94.917
87.58,193.28,12.943,94.911
87.75,193.61,12.942,94.906
87.92,193.94,12.941,94.9
88.08,194.26,12.94,94.894
88.25,194.58,12.94,94.889
88.42,194.9,12.939,94.883
88.58,195.23,12.938,94.877
88.75,195.55,12.937,94.871
88.92,195.87,12.936,94.865
89.08,196.19,12.936,94.859
89.25,196.51,12.935,94.854
89.42,196.83,12.934,94.848
89.58,197.16,12.933,94.842
89.75,197.49,12.932,94.836
89.92,197.82,12.932,94.83
90.08,198.15,12.931,94.824
90.25,198.47,12.93,94.818
90.42,198.79,12.929,94.811
90.58,199.12,12.928,94.805
90.75,199.44,12.927,94.799
90.92,199.77,12.927,94.793
91.08,200.09,12.926,94.787
91.25,200.43,12.925,94.781
91.42,200.75,12.924,94.774
91.58,201.07,12.923,94.768
91.75,201.38,12.922,94.761
91.92,201.7,12.921,94.755
92.08,202.03,12.92,94.749
92.25,202.35,12.92,94.742
92.42,202.68,12.919,94.736
92.58,203,12.918,94.729
92.75,203.32,12.917,94.722
92.92,203.65,12.916,94.716
93.08,203.98,12.915,94.709
93.25,204.3,12.914,94.702
93.42,204.63,12.913,94.695
93.58,204.96,12.912,94.688
93.75,205.28,12.911,94.682
93.92,205.6,12.91,94.675
94.08,205.92,12.909,94.667
94.25,206.25,12.908,94.66
94.42,206.57,12.907,94.653
94.58,206.91,12.906,94.646
94.75,207.24,12.905,94.639
94.92,207.56,12.904,94.631
95.08,207.89,12.904,94.624
95.25,208.22,12.903,94.617
95.42,208.54,12.901,94.609
95.58,208.87,12.9,94.602
95.75,209.18,12.899,94.595
95.92,209.5,12.898,94.587
96.08,209.83,12.897,94.58
96.25,210.16,12.896,94.572
96.42,210.49,12.895,94.565
96.58,210.81,12.894,94.557
96.75,211.12,12.893,94.549
96.92,211.44,12.892,94.542
97.08,211.77,12.891,94.534
97.25,212.09,12.89,94.526
97.42,212.42,12.889,94.519
97.58,212.74,12.888,94.511
97.75,213.08,12.887,94.503
97.92,213.4,12.886,94.495
98.08,213.72,12.885,94.488
98.25,214.03,12.884,94.48
98.42,214.36,12.883,94.472
98.58,214.68,12.882,94.464
98.75,215.01,12.881,94.456
98.92,215.33,12.88,94.449
99.08,215.66,12.878,94.441
99.25,215.99,12.877,94.433
99.42,216.31,12.876,94.425
99.58,216.63,12.875,94.417
99.75,216.95,12.874,94.409
99.92,217.28,12.873,94.401
100.08,217.61,12.872,94.393
100.25,217.94,12.871,94.385
100.42,218.26,12.87,94.377
100.58,218.58,12.869,94.369
100.75,218.9,12.868,94.361
100.92,219.23,12.867,94.353
101.08,219.55,12.865,94.345
101.25,219.88,12.864,94.337
101.42,220.2,12.863,94.329
101.58,220.52,12.862,94.321
101.75,220.85,12.861,94.313
101.92,221.18,12.86,94.305
102.08,221.51,12.859,94.297
102.25,221.84,12.858,94.289
102.42,222.16,12.857,94.281
102.58,222.48,12.856,94.273
102.75,222.8,12.854,94.265
102.92,223.12,12.853,94.257
103.08,223.44,12.852,94.249
103.25,223.76,12.851,94.241
103.42,224.08,12.85,94.233
103.58,224.41,12.849,94.225
103.75,224.74,12.848,94.216
103.92,225.06,12.847,94.208
104.08,225.39,12.846,94.2
104.25,225.73,12.845,94.192
104.42,226.05,12.843,94.184
104.58,226.38,12.842,94.175
104.75,226.7,12.841,94.167
104.92,227.01,12.84,94.159
105.08,227.34,12.839,94.151
105.25,227.67,12.838,94.143
105.42,227.99,12.837,94.135
105.58,228.31,12.836,94.127
105.75,228.63,12.835,94.118
105.92,228.96,12.833,94.11
106.08,229.28,12.832,94.102
106.25,229.6,12.831,94.094
106.42,229.92,12.83,94.086
106.58,230.24,12.829,94.077
106.75,230.56,12.828,94.069
106.92,230.89,12.827,94.061
107.08,231.23,12.826,94.052
107.25,231.55,12.824,94.044
107.42,231.87,12.823,94.036
107.58,232.19,12.822,94.027
107.75,232.52,12.821,94.019
107.92,232.84,12.82,94.011
108.08,233.16,12.819,94.002
108.25,233.49,12.818,93.994
108.42,233.81,12.816,93.985
108.58,234.14,12.815,93.977
108.75,234.47,12.814,93.969
108.92,234.8,12.813,93.96
109.08,235.12,12.812,93.952
109.25,235.44,12.811,93.943
109.42,235.76,12.809,93.935
109.58,236.08,12.808,93.926
109.75,236.41,12.807,93.918
109.92,236.74,12.806,93.909
110.08,237.06,12.805,93.901
110.25,237.39,12.804,93.892
110.42,237.7,12.802,93.883
110.58,238.02,12.801,93.875
110.75,238.34,12.8,93.866
110.92,238.66,12.799,93.857
111.08,238.99,12.798,93.849
111.25,239.32,12.797,93.84
111.42,239.65,12.795,93.831
111.58,239.97,12.794,93.823
111.75,240.3,12.793,93.814
111.92,240.62,12.792,93.805
112.08,240.94,12.791,93.796
112.25,241.27,12.789,93.787
112.42,241.6,12.788,93.779
112.58,241.92,12.787,93.77
112.75,242.24,12.786,93.761
112.92,242.57,12.784,93.752
113.08,242.9,12.783,93.742
113.25,243.22,12.782,93.733
113.42,243.54,12.781,93.724
113.58,243.86,12.78,93.715
113.75,244.19,12.778,93.706
113.92,244.51,12.777,93.697
114.08,244.84,12.776,93.688
114.25,245.16,12.775,93.679
114.42,245.48,12.773,93.669
114.58,245.8,12.772,93.66
114.75,246.12,12.771,93.651
114.92,246.45,12.769,93.641
115.08,246.78,12.768,93.632
115.25,247.1,12.767,93.622
115.42,247.43,12.766,93.612
115.58,247.75,12.764,93.603
115.75,248.07,12.763,93.593
115.92,248.39,12.762,93.584
116.08,248.72,12.76,93.574
116.25,249.05,12.759,93.564
116.42,249.37,12.758,93.554
116.58,249.69,12.756,93.544
116.75,250.01,12.755,93.535
116.92,250.33,12.754,93.525
117.08,250.65,12.752,93.515
117.25,250.98,12.751,93.505
117.42,251.31,12.749,93.494
117.58,251.65,12.748,93.484
117.75,251.97,12.747,93.474
117.92,252.29,12.745,93.464
118.08,252.6,12.744,93.453
118.25,252.92,12.742,93.443
118.42,253.24,12.741,93.433
118.58,253.57,12.74,93.422
118.75,253.9,12.738,93.411
118.92,254.22,12.737,93.401
119.08,254.54,12.735,93.39
119.25,254.86,12.734,93.379
119.42,255.2,12.732,93.368
119.58,255.53,12.731,93.357
119.75,255.85,12.729,93.346
119.92,256.17,12.728,93.335
120.08,256.49,12.726,93.324
120.25,256.81,12.725,93.312
120.42,257.13,12.723,93.301
120.58,257.46,12.722,93.29
120.75,257.79,12.72,93.278
120.92,258.12,12.718,93.266
121.08,258.43,12.717,93.255
121.25,258.74,12.715,93.243
121.42,259.07,12.714,93.231
121.58,259.4,12.712,93.219
121.75,259.73,12.71,93.207
121.92,260.05,12.709,93.195
122.08,260.38,12.707,93.183
122.25,260.7,12.705,93.171
122.42,261.03,12.704,93.158
122.58,261.34,12.702,93.146
122.75,261.65,12.7,93.133
122.92,261.97,12.699,93.121
123.08,262.3,12.697,93.108
123.25,262.63,12.695,93.095
123.42,262.95,12.693,93.082
123.58,263.27,12.691,93.069
123.75,263.6,12.69,93.056
123.92,263.93,12.688,93.043
124.08,264.25,12.686,93.029
124.25,264.57,12.684,93.016
124.42,264.89,12.682,93.002
124.58,265.21,12.68,92.988
124.75,265.54,12.679,92.975
124.92,265.86,12.677,92.961
125.08,266.18,12.675,92.947
125.25,266.51,12.673,92.933
125.42,266.83,12.671,92.918
125.58,267.16,12.669,92.904
125.75,267.49,12.667,92.889
125.92,267.82,12.665,92.875
126.08,268.14,12.663,92.86
126.25,268.46,12.661,92.845
126.42,268.78,12.659,92.83
126.58,269.1,12.657,92.815
126.75,269.42,12.655,92.8
126.92,269.75,12.653,92.785
127.08,270.09,12.651,92.769
127.25,270.42,12.648,92.754
127.42,270.75,12.646,92.738
127.58,271.07,12.644,92.722
127.75,271.39,12.642,92.706
127.92,271.71,12.64,92.69
128.08,272.02,12.638,92.674
128.25,272.35,12.635,92.657
128.42,272.66,12.633,92.641
128.58,272.98,12.631,92.624
128.75,273.31,12.629,92.608
128.92,273.63,12.626,92.591
129.08,273.94,12.624,92.574
129.25,274.26,12.622,92.557
129.42,274.59,12.619,92.54
129.58,274.92,12.617,92.522
129.75,275.25,12.615,92.506
129.92,275.58,12.612,92.488
130.08,275.9,12.61,92.469
130.25,276.23,12.607,92.451
130.42,276.55,12.605,92.433
130.58,276.86,12.602,92.415
130.75,277.19,12.6,92.397
130.92,277.52,12.597,92.378
131.08,277.84,12.595,92.359
131.25,278.15,12.592,92.34
131.42,278.47,12.589,92.321
131.58,278.79,12.587,92.302
131.75,279.11,12.584,92.283
131.92,279.43,12.582,92.264
132.08,279.76,12.579,92.244
132.25,280.08,12.576,92.224
132.42,280.4,12.574,92.205
132.58,280.73,12.571,92.185
132.75,281.05,12.568,92.164
132.92,281.37,12.565,92.144
133.08,281.69,12.562,92.123
133.25,282.02,12.56,92.103
133.42,282.34,12.557,92.082
133.58,282.67,12.554,92.061
133.75,283,12.551,92.039
133.92,283.32,12.548,92.018
134.08,283.63,12.545,91.996
134.25,283.95,12.542,91.975
134.42,284.27,12.539,91.953
134.58,284.6,12.536,91.931
134.75,284.93,12.533,91.908
134.92,285.26,12.53,91.886
135.08,285.58,12.527,91.863
135.25,285.91,12.524,91.841
135.42,286.24,12.521,91.818
135.58,286.56,12.518,91.795
135.75,286.89,12.514,91.771
135.92,287.21,12.511,91.748
136.08,287.53,12.508,91.724
136.25,287.84,12.505,91.701
136.42,288.16,12.502,91.677
136.58,288.48,12.498,91.653
136.75,288.8,12.495,91.628
136.92,289.12,12.492,91.604
137.08,289.45,12.488,91.579
137.25,289.77,12.485,91.554
137.42,290.09,12.481,91.529
137.58,290.42,12.478,91.504
137.75,290.74,12.475,91.479
137.92,291.06,12.471,91.453
138.08,291.37,12.468,91.427
138.25,291.69,12.464,91.401
138.42,292.01,12.46,91.375
138.58,292.34,12.457,91.349
138.75,292.67,12.453,91.322
138.92,292.99,12.45,91.296
139.08,293.32,12.446,91.269
139.25,293.64,12.442,91.242
139.42,293.96,12.439,91.214
139.58,294.28,12.435,91.187
139.75,294.61,12.431,91.159
139.92,294.94,12.427,91.131
140.08,295.26,12.423,91.103
140.25,295.58,12.419,91.075
140.42,295.9,12.416,91.046
140.58,296.23,12.412,91.017
140.75,296.56,12.408,90.989
140.92,296.89,12.404,90.96
141.08,297.21,12.4,90.93
141.25,297.52,12.396,90.901
141.42,297.84,12.392,90.871
141.58,298.16,12.388,90.841
141.75,298.47,12.383,90.811
141.92,298.79,12.379,90.78
142.08,299.12,12.375,90.75
142.25,299.44,12.371,90.719
142.42,299.76,12.367,90.688
142.58,300.08,12.362,90.657
142.75,300.41,12.358,90.625
142.92,300.72,12.354,90.593
143.08,301.05,12.349,90.561
143.25,301.37,12.345,90.529
143.42,301.69,12.341,90.496
143.58,302.01,12.336,90.463
143.75,302.35,12.331,90.429
143.92,302.68,12.327,90.396
144.08,302.99,12.322,90.362
144.25,303.3,12.318,90.328
144.42,303.62,12.313,90.293
144.58,303.94,12.308,90.259
144.75,304.26,12.303,90.224
144.92,304.59,12.299,90.189
145.08,304.92,12.294,90.153
145.25,305.24,12.289,90.118
145.42,305.56,12.284,90.082
145.58,305.88,12.279,90.046
145.75,306.21,12.274,90.009
145.92,306.54,12.269,89.972
146.08,306.87,12.264,89.935
146.25,307.19,12.259,89.898
146.42,307.51,12.254,89.861
146.58,307.83,12.249,89.823
146.75,308.15,12.244,89.785
146.92,308.48,12.238,89.747
147.08,308.8,12.233,89.708
147.25,309.11,12.228,89.669
147.42,309.43,12.222,89.63
147.58,309.75,12.217,89.591
147.75,310.07,12.212,89.551
147.92,310.39,12.206,89.509
148.08,310.72,12.2,89.466
148.25,311.05,12.194,89.421
148.42,311.38,12.188,89.376
148.58,311.7,12.182,89.33
148.75,312.02,12.175,89.284
148.92,312.35,12.169,89.238
149.08,312.67,12.163,89.191
149.25,312.99,12.156,89.145
149.42,313.31,12.15,89.097
149.58,313.62,12.143,89.05
149.75,313.94,12.137,89.002
149.92,314.26,12.13,88.954
150.08,314.59,12.124,88.905
150.25,314.91,12.117,88.856
150.42,315.24,12.11,88.806
150.58,315.56,12.103,88.756
150.75,315.89,12.096,88.706
150.92,316.2,12.089,88.655
151.08,316.52,12.082,88.604
151.25,316.84,12.075,88.552
151.42,317.16,12.068,88.499
151.58,317.49,12.061,88.446
151.75,317.81,12.054,88.393
151.92,318.14,12.046,88.339
152.08,318.47,12.039,88.285
152.25,318.79,12.032,88.23
152.42,319.1,12.024,88.175
152.58,319.42,12.016,88.119
152.75,319.73,12.009,88.063
152.92,320.06,12.001,88.007
153.08,320.38,11.993,87.949
153.25,320.72,11.985,87.892
153.42,321.05,11.977,87.833
153.58,321.36,11.969,87.775
153.75,321.68,11.961,87.715
153.92,322,11.953,87.656
154.08,322.33,11.945,87.595
154.25,322.65,11.937,87.535
154.42,322.98,11.928,87.473
154.58,323.3,11.92,87.411
154.75,323.62,11.911,87.349
154.92,323.93,11.903,87.286
155.08,324.25,11.894,87.223
155.25,324.57,11.885,87.159
155.42,324.89,11.877,87.094
155.58,325.21,11.868,87.029
155.75,325.54,11.859,86.964
155.92,325.85,11.85,86.898
156.08,326.18,11.841,86.831
156.25,326.5,11.832,86.764
156.42,326.83,11.822,86.696
156.58,327.15,11.813,86.627
156.75,327.46,11.804,86.558
156.92,327.78,11.794,86.488
157.08,328.11,11.784,86.418
157.25,328.43,11.775,86.347
157.42,328.76,11.765,86.276
157.58,329.09,11.755,86.203
157.75,329.41,11.745,86.131
157.92,329.72,11.735,86.057
158.08,330.04,11.725,85.983
158.25,330.36,11.715,85.909
158.42,330.67,11.705,85.834
158.58,330.99,11.694,85.758
158.75,331.32,11.684,85.682
158.92,331.64,11.674,85.605
159.08,331.96,11.663,85.527
159.25,332.29,11.652,85.449
159.42,332.61,11.641,85.37
159.58,332.93,11.631,85.29
159.75,333.26,11.62,85.21
159.92,333.59,11.609,85.129
160.08,333.91,11.597,85.047
160.25,334.23,11.586,84.965
160.42,334.54,11.575,84.882
160.58,334.86,11.564,84.799
160.75,335.18,11.552,84.715
160.92,335.5,11.541,84.63
161.08,335.82,11.529,84.545
161.25,336.14,11.517,84.459
161.42,336.47,11.506,84.372
161.58,336.79,11.494,84.285
161.75,337.11,11.482,84.198
161.92,337.44,11.47,84.109
162.08,337.76,11.457,84.02
162.25,338.08,11.445,83.931
162.42,338.4,11.433,83.84
162.58,338.72,11.421,83.75
162.75,339.05,11.408,83.658
162.92,339.36,11.396,83.567
163.08,339.67,11.383,83.474
163.25,339.98,11.37,83.381
163.42,340.3,11.358,83.287
163.58,340.62,11.345,83.193
163.75,340.95,11.332,83.098
163.92,341.28,11.319,83.002
164.08,341.6,11.306,82.906
164.25,341.92,11.292,82.809
164.42,342.24,11.279,82.712
164.58,342.57,11.266,82.614
164.75,342.89,11.252,82.516
164.92,343.21,11.239,82.417
165.08,343.53,11.225,82.318
165.25,343.86,11.212,82.218
165.42,344.19,11.198,82.117
165.58,344.51,11.184,82.016
165.75,344.82,11.17,81.914
165.92,345.14,11.156,81.812
166.08,345.45,11.142,81.71
166.25,345.77,11.128,81.607
166.42,346.09,11.114,81.503
166.58,346.42,11.1,81.399
166.75,346.75,11.086,81.294
166.92,347.07,11.071,81.189
167.08,347.39,11.057,81.084
167.25,347.7,11.043,80.978
167.42,348.02,11.028,80.871
167.58,348.34,11.014,80.764
167.75,348.66,10.999,80.657
167.92,348.98,10.984,80.55
168.08,349.3,10.969,80.441
168.25,349.62,10.955,80.333
168.42,349.95,10.94,80.223
168.58,350.27,10.925,80.114
168.75,350.59,10.91,80.004
168.92,350.91,10.895,79.894
169.08,351.23,10.88,79.783
169.25,351.56,10.865,79.673
169.42,351.89,10.849,79.561
169.58,352.21,10.834,79.45
169.75,352.53,10.819,79.338
169.92,352.84,10.804,79.226
170.08,353.17,10.788,79.114
170.25,353.49,10.773,79.001
170.42,353.81,10.758,78.888
170.58,354.13,10.742,78.775
170.75,354.45,10.727,78.662
170.92,354.77,10.711,78.548
171.08,355.09,10.696,78.434
171.25,355.4,10.68,78.32
171.42,355.72,10.665,78.206
171.58,356.04,10.649,78.091
171.75,356.37,10.633,77.976
171.92,356.69,10.618,77.861
172.08,357.01,10.602,77.745
172.25,357.34,10.586,77.63
172.42,357.67,10.57,77.514
172.58,357.99,10.554,77.398
172.75,358.3,10.539,77.282
172.92,358.62,10.523,77.165
173.08,358.94,10.507,77.049
173.25,359.26,10.491,76.933
173.42,359.58,10.475,76.816
173.58,359.9,10.459,76.699
173.75,360.21,10.443,76.582
173.92,360.52,10.427,76.465
174.08,360.85,10.411,76.347
174.25,361.18,10.395,76.23
174.42,361.5,10.379,76.112
174.58,361.82,10.363,75.994
174.75,362.14,10.347,75.876
174.92,362.45,10.331,75.758
175.08,362.78,10.315,75.64
175.25,363.1,10.299,75.522
175.42,363.42,10.283,75.404
175.58,363.74,10.266,75.286
175.75,364.06,10.25,75.168
175.92,364.38,10.234,75.049
176.08,364.69,10.218,74.931
176.25,365.01,10.202,74.813
176.42,365.33,10.186,74.695
176.58,365.65,10.17,74.576
176.75,365.97,10.154,74.458
176.92,366.29,10.137,74.34
177.08,366.6,10.121,74.222
177.25,366.93,10.105,74.104
177.42,367.25,10.089,73.986
177.58,367.58,10.073,73.867
177.75,367.91,10.057,73.749
177.92,368.23,10.041,73.631
178.08,368.55,10.025,73.513
178.25,368.86,10.009,73.395
178.42,369.18,9.993,73.278
178.58,369.49,9.977,73.16
178.75,369.81,9.96,73.043
178.92,370.14,9.944,72.925
179.08,370.45,9.928,72.808
179.25,370.77,9.912,72.691
179.42,371.09,9.897,72.573
179.58,371.41,9.881,72.456
179.75,371.73,9.865,72.339
179.92,372.04,9.849,72.222
180.08,372.36,9.833,72.105
180.25,372.69,9.817,71.988
180.42,373.01,9.801,71.871
180.58,373.33,9.785,71.754
180.75,373.66,9.769,71.637
180.92,373.98,9.753,71.52
181.08,374.29,9.737,71.403
181.25,374.6,9.721,71.287
181.42,374.92,9.705,71.17
181.58,375.24,9.689,71.053
181.75,375.56,9.673,70.936
181.92,375.88,9.657,70.82
182.08,376.2,9.641,70.703
182.25,376.51,9.625,70.586
182.42,376.84,9.61,70.469
182.58,377.16,9.594,70.352
182.75,377.48,9.578,70.235
182.92,377.79,9.562,70.117
183.08,378.12,9.546,69.999
183.25,378.45,9.529,69.882
183.42,378.78,9.513,69.764
183.58,379.1,9.497,69.645
183.75,379.41,9.481,69.527
183.92,379.73,9.465,69.409
184.08,380.06,9.449,69.29
184.25,380.37,9.433,69.171
184.42,380.69,9.416,69.053
184.58,381.01,9.4,68.933
184.75,381.32,9.384,68.813
184.92,381.65,9.367,68.693
185.08,381.97,9.351,68.573
185.25,382.29,9.334,68.452
185.42,382.61,9.318,68.33
185.58,382.93,9.301,68.208
185.75,383.24,9.285,68.086
185.92,383.56,9.268,67.963
186.08,383.88,9.251,67.84
186.25,384.2,9.234,67.716
186.42,384.51,9.217,67.592
186.58,384.83,9.2,67.467
186.75,385.16,9.183,67.341
186.92,385.48,9.166,67.214
187.08,385.79,9.148,67.087
187.25,386.1,9.131,66.959
187.42,386.43,9.113,66.83
187.58,386.75,9.096,66.7
187.75,387.07,9.078,66.569
187.92,387.39,9.06,66.437
188.08,387.71,9.042,66.304
188.25,388.02,9.023,66.17
188.42,388.34,9.005,66.035
188.58,388.66,8.986,65.898
188.75,388.99,8.967,65.761
188.92,389.32,8.949,65.622
189.08,389.64,8.929,65.482
189.25,389.96,8.91,65.341
189.42,390.28,8.891,65.197
189.58,390.6,8.871,65.053
189.75,390.91,8.851,64.907
189.92,391.22,8.831,64.758
190.08,391.54,8.81,64.609
190.25,391.85,8.79,64.456
190.42,392.17,8.769,64.302
190.58,392.5,8.747,64.145
190.75,392.82,8.726,63.987
190.92,393.14,8.704,63.827
191.08,393.46,8.682,63.666
191.25,393.77,8.66,63.503
191.42,394.09,8.637,63.338
191.58,394.41,8.615,63.172
191.75,394.73,8.592,63.005
191.92,395.04,8.568,62.834
192.08,395.36,8.545,62.663
192.25,395.67,8.521,62.489
192.42,396,8.498,62.315
192.58,396.32,8.473,62.138
192.75,396.65,8.449,61.959
192.92,396.97,8.425,61.779
193.08,397.28,8.4,61.598
193.25,397.6,8.375,61.414
193.42,397.92,8.349,61.228
193.58,398.24,8.324,61.041
193.75,398.56,8.298,60.853
193.92,398.86,8.272,60.662
194.08,399.17,8.246,60.47
194.25,399.49,8.22,60.276
194.42,399.81,8.193,60.079
194.58,400.14,8.166,59.882
194.75,400.45,8.139,59.682
194.92,400.77,8.111,59.481
195.08,401.09,8.083,59.277
195.25,401.42,8.055,59.072
195.42,401.74,8.027,58.866
195.58,402.05,7.999,58.657
195.75,402.36,7.97,58.447
195.92,402.67,7.941,58.236
196.08,402.99,7.912,58.022
196.25,403.32,7.883,57.807
196.42,403.64,7.853,57.59
196.58,403.95,7.824,57.372
196.75,404.26,7.794,57.153
196.92,404.58,7.764,56.932
197.08,404.9,7.733,56.709
197.25,405.22,7.703,56.485
197.42,405.56,7.672,56.259
197.58,405.88,7.641,56.033
197.75,406.19,7.61,55.806
197.92,406.51,7.579,55.577
198.08,406.84,7.548,55.348
198.25,407.16,7.516,55.118
198.42,407.48,7.485,54.887
198.58,407.8,7.453,54.652
198.75,408.11,7.42,54.415
198.92,408.41,7.386,54.161
199.08,408.74,7.319,53.674
199.25,409.07,7.269,53.307
199.42,409.39,7.222,52.96
199.58,409.71,7.175,52.618
199.75,410.02,7.098,52.055
199.92,410.34,7.046,51.668
200.08,410.67,6.989,51.254
200.25,410.99,6.934,50.846
200.42,411.31,6.878,50.439
200.58,411.62,6.822,50.03
200.75,411.94,6.763,49.593
200.92,412.25,6.696,49.104
201.08,412.57,6.632,48.631
201.25,412.89,6.539,47.953
201.42,413.21,6.464,47.403
201.58,413.52,6.392,46.875
201.75,413.84,6.315,46.308
201.92,414.16,6.236,45.728
202.08,414.48,6.15,45.101
202.25,414.79,6.061,44.446
202.42,415.11,5.974,43.812
202.58,415.42,5.877,43.1
202.75,415.75,5.782,42.403
202.92,416.07,5.69,41.727
203.08,416.38,5.602,41.081
203.25,416.71,5.515,40.445
203.42,417.02,5.429,39.811
203.58,417.33,5.341,39.169
203.75,417.65,5.256,38.547
203.92,417.97,5.172,37.926
204.08,418.3,5.087,37.307
204.25,418.62,5.007,36.717
204.42,418.95,4.929,36.148
204.58,419.26,4.853,35.591
204.75,419.57,4.778,35.039
204.92,419.89,4.704,34.492
205.08,420.21,4.629,33.944
205.25,420.52,4.553,33.385
205.42,420.83,4.472,32.797
205.58,421.14,4.392,32.209
205.75,421.46,4.315,31.643
205.92,421.78,4.239,31.085
206.08,422.11,4.166,30.547
206.25,422.42,4.094,30.02
206.42,422.74,4.025,29.515
206.58,423.07,3.951,28.977
206.75,423.38,3.879,28.444
206.92,423.69,3.808,27.925
207.08,424,3.739,27.42
207.25,424.31,3.672,26.928
207.42,424.62,3.607,26.448
207.58,424.95,3.543,25.981
207.75,425.27,3.481,25.529
207.92,425.59,3.422,25.094
208.08,425.9,3.365,24.676
208.25,426.21,3.31,24.273
208.42,426.52,3.256,23.879
208.58,426.84,3.204,23.496
208.75,427.16,3.153,23.123
208.92,427.48,3.104,22.76
209.08,427.8,3.056,22.408
209.25,428.13,3.009,22.065
209.42,428.44,2.963,21.729
209.58,428.76,2.919,21.404
209.75,429.09,2.876,21.088
209.92,429.4,2.834,20.78
210.08,429.71,2.793,20.48
210.25,430.02,2.753,20.189
210.42,430.34,2.714,19.905
210.58,430.66,2.677,19.63
210.75,430.98,2.641,19.364
210.92,431.29,2.605,19.107
211.08,431.61,2.569,18.843
211.25,431.94,2.536,18.599
211.42,432.26,2.505,18.366
211.58,432.57,2.474,18.14
211.75,432.88,2.444,17.921
211.92,433.2,2.415,17.711
212.08,433.52,2.388,17.51
212.25,433.84,2.362,17.317
212.42,434.16,2.336,17.132
212.58,434.46,2.312,16.954
212.75,434.78,2.289,16.782
212.92,435.1,2.266,16.619
213.08,435.42,2.245,16.464
213.25,435.74,2.225,16.316
213.42,436.05,2.206,16.175
213.58,436.37,2.187,16.035
213.75,436.68,2.168,15.896
213.92,436.99,2.149,15.762
214.08,437.3,2.132,15.632
214.25,437.63,2.115,15.509
214.42,437.93,2.099,15.391
214.58,438.25,2.084,15.279
214.75,438.57,2.069,15.173
214.92,438.88,2.055,15.073
215.08,439.2,2.042,14.978
215.25,439.52,2.03,14.888
215.42,439.84,2.019,14.802
215.58,440.16,2.008,14.722
215.75,440.47,1.997,14.646
215.92,440.79,1.987,14.574
216.08,441.1,1.978,14.506
216.25,441.41,1.969,14.441
216.42,441.72,1.961,14.38
216.58,442.04,1.953,14.322
216.75,442.35,1.946,14.267
216.92,442.67,1.938,14.215
217.08,442.98,1.932,14.165
217.25,443.3,1.925,14.117
217.42,443.62,1.919,14.071
217.58,443.94,1.913,14.028
217.75,444.26,1.907,13.986
217.92,444.57,1.902,13.946
218.08,444.89,1.896,13.907
218.25,445.21,1.891,13.87
218.42,445.53,1.887,13.835
218.58,445.85,1.882,13.8
218.75,446.16,1.877,13.767
218.92,446.48,1.873,13.735
219.08,446.79,1.869,13.703
219.25,447.1,1.864,13.672
219.42,447.41,1.86,13.643
219.58,447.73,1.856,13.614
219.75,448.04,1.853,13.585
219.92,448.35,1.849,13.558
220.08,448.66,1.845,13.53
220.25,448.98,1.841,13.503
220.42,449.3,1.838,13.477
220.58,449.62,1.834,13.452
220.75,449.94,1.831,13.426
220.92,450.27,1.827,13.401
221.08,450.58,1.824,13.376
221.25,450.89,1.821,13.352
221.42,451.2,1.817,13.328
221.58,451.51,1.814,13.304
221.75,451.83,1.811,13.28
221.92,452.15,1.808,13.256
222.08,452.47,1.805,13.233
222.25,452.78,1.801,13.21
222.42,453.1,1.798,13.187
222.58,453.41,1.795,13.164
222.75,453.72,1.792,13.141
222.92,454.04,1.789,13.118
223.08,454.36,1.786,13.095
223.25,454.66,1.783,13.072
223.42,454.97,1.78,13.05
223.58,455.29,1.776,13.027
223.75,455.61,1.773,13.004
223.92,455.93,1.77,12.982
224.08,456.25,1.767,12.959
224.25,456.58,1.764,12.936
224.42,456.9,1.761,12.914
224.58,457.21,1.758,12.891
224.75,457.52,1.755,12.868
224.92,457.83,1.752,12.846
225.08,458.14,1.749,12.823
225.25,458.46,1.746,12.8
225.42,458.78,1.742,12.777
225.58,459.09,1.739,12.754
225.75,459.4,1.736,12.731
225.92,459.72,1.733,12.708
226.08,460.03,1.73,12.684
226.25,460.35,1.727,12.661
226.42,460.67,1.723,12.637
226.58,460.98,1.72,12.614
226.75,461.29,1.717,12.59
226.92,461.6,1.713,12.565
227.08,461.92,1.71,12.541
227.25,462.24,1.707,12.516
227.42,462.56,1.703,12.492
227.58,462.87,1.7,12.467
227.75,463.17,1.697,12.442
227.92,463.48,1.693,12.417
228.08,463.8,1.69,12.391
228.25,464.11,1.686,12.365
228.42,464.43,1.683,12.34
228.58,464.74,1.679,12.313
228.75,465.06,1.676,12.287
228.92,465.37,1.672,12.26
229.08,465.7,1.668,12.233
229.25,466.02,1.665,12.207
229.42,466.33,1.661,12.179
229.58,466.64,1.657,12.152
229.75,466.95,1.653,12.124
229.92,467.26,1.649,12.096
230.08,467.58,1.646,12.068
230.25,467.9,1.642,12.039
230.42,468.22,1.638,12.01
230.58,468.54,1.634,11.98
230.75,468.86,1.629,11.949
230.92,469.18,1.625,11.919
231.08,469.5,1.621,11.887
231.25,469.81,1.617,11.856
231.42,470.12,1.612,11.824
231.58,470.43,1.608,11.791
231.75,470.74,1.603,11.758
231.92,471.06,1.599,11.725
232.08,471.37,1.594,11.69
232.25,471.69,1.589,11.656
232.42,472.01,1.585,11.621
232.58,472.31,1.58,11.585
232.75,472.62,1.575,11.549
232.92,472.93,1.57,11.513
233.08,473.24,1.565,11.476
233.25,473.56,1.56,11.438
233.42,473.87,1.555,11.401
233.58,474.17,1.549,11.362
233.75,474.48,1.544,11.323
233.92,474.8,1.539,11.284
234.08,475.11,1.533,11.244
234.25,475.42,1.528,11.204
234.42,475.74,1.522,11.164
234.58,476.06,1.517,11.122
234.75,476.38,1.511,11.081
234.92,476.7,1.505,11.038
235.08,477.01,1.499,10.995
235.25,477.32,1.493,10.952
235.42,477.63,1.488,10.908
235.58,477.95,1.481,10.864
235.75,478.27,1.475,10.819
235.92,478.59,1.469,10.774
236.08,478.9,1.463,10.728
236.25,479.21,1.457,10.682
236.42,479.53,1.45,10.635
236.58,479.84,1.444,10.588
236.75,480.16,1.437,10.54
236.92,480.47,1.431,10.492
237.08,480.78,1.424,10.443
237.25,481.1,1.417,10.394
237.42,481.41,1.411,10.344
237.58,481.72,1.404,10.293
237.75,482.03,1.397,10.242
237.92,482.35,1.389,10.189
238.08,482.67,1.382,10.137
238.25,482.98,1.375,10.083
238.42,483.29,1.368,10.03
238.58,483.6,1.36,9.975
238.75,483.92,1.353,9.92
238.92,484.23,1.345,9.865
239.08,484.54,1.338,9.809
239.25,484.85,1.33,9.752
239.42,485.15,1.322,9.695
239.58,485.46,1.314,9.637
239.75,485.79,1.306,9.578
239.92,486.11,1.298,9.519
240.08,486.43,1.29,9.46
240.25,486.75,1.282,9.4
240.42,487.06,1.274,9.34
240.58,487.37,1.265,9.279
240.75,487.69,1.257,9.218
240.92,488,1.249,9.156
241.08,488.32,1.24,9.094
241.25,488.63,1.232,9.031
241.42,488.94,1.223,8.968
241.58,489.25,1.214,8.905
241.75,489.55,1.206,8.841
241.92,489.86,1.197,8.776
242.08,490.18,1.188,8.711
242.25,490.5,1.179,8.646
242.42,490.82,1.17,8.58
242.58,491.14,1.161,8.513
242.75,491.46,1.152,8.447
242.92,491.77,1.143,8.379
243.08,492.09,1.133,8.312
243.25,492.4,1.124,8.244
243.42,492.71,1.115,8.176
243.58,493.02,1.106,8.108
243.75,493.33,1.096,8.039
243.92,493.64,1.087,7.97
244.08,493.96,1.077,7.901
244.25,494.27,1.068,7.831
244.42,494.58,1.058,7.761
244.58,494.89,1.049,7.691
244.75,495.21,1.039,7.621
244.92,495.52,1.03,7.55
245.08,495.82,1.02,7.479
245.25,496.12,1.01,7.408
245.42,496.43,1,7.337
245.58,496.73,0.991,7.265
245.75,497.05,0.981,7.193
245.92,497.37,0.971,7.12
246.08,497.69,0.961,7.048
246.25,498.01,0.951,6.976
246.42,498.33,0.941,6.903
246.58,498.64,0.931,6.83
246.75,498.97,0.921,6.757
246.92,499.28,0.912,6.684
247.08,499.6,0.902,6.612
247.25,499.9,0.892,6.539
247.42,500.21,0.882,6.466
247.58,500.51,0.872,6.393
247.75,500.82,0.862,6.321
247.92,501.13,0.852,6.248
248.08,501.44,0.842,6.175
248.25,501.75,0.832,6.102
248.42,502.06,0.822,6.029
248.58,502.37,0.812,5.956
248.75,502.69,0.802,5.884
248.92,503,0.793,5.812
249.08,503.32,0.783,5.74
249.25,503.63,0.773,5.668
249.42,503.94,0.763,5.596
249.58,504.25,0.753,5.524
249.75,504.57,0.744,5.452
249.92,504.87,0.734,5.381
250.08,505.19,0.724,5.31
250.25,505.5,0.714,5.239
250.42,505.81,0.705,5.169
250.58,506.12,0.695,5.099
250.75,506.43,0.686,5.029
250.92,506.75,0.676,4.959
251.08,507.07,0.667,4.89
251.25,507.38,0.657,4.821
251.42,507.7,0.648,4.752
251.58,508.01,0.639,4.684
251.75,508.31,0.63,4.617
251.92,508.62,0.62,4.55
252.08,508.92,0.611,4.483
252.25,509.23,0.602,4.417
252.42,509.55,0.593,4.351
252.58,509.85,0.584,4.286
252.75,510.16,0.576,4.221
252.92,510.48,0.567,4.157
253.08,510.79,0.558,4.093
253.25,511.1,0.55,4.03
253.42,511.42,0.541,3.967
253.58,511.73,0.533,3.905
253.75,512.05,0.524,3.844
253.92,512.36,0.516,3.783
254.08,512.68,0.508,3.723
254.25,512.98,0.5,3.663
254.42,513.29,0.491,3.604
254.58,513.6,0.483,3.545
254.75,513.9,0.476,3.487
254.92,514.21,0.468,3.43
255.08,514.51,0.46,3.373
255.25,514.82,0.452,3.317
255.42,515.14,0.445,3.261
255.58,515.45,0.437,3.206
255.75,515.77,0.43,3.151
255.92,516.09,0.422,3.097
256.08,516.41,0.415,3.044
256.25,516.72,0.408,2.992
256.42,517.03,0.401,2.94
256.58,517.35,0.394,2.888
256.75,517.65,0.387,2.838
256.92,517.96,0.38,2.787
257.08,518.28,0.373,2.738
257.25,518.6,0.367,2.689
257.42,518.92,0.36,2.641
257.58,519.23,0.354,2.593
257.75,519.54,0.347,2.547
257.92,519.85,0.341,2.5
258.08,520.15,0.335,2.455
258.25,520.46,0.329,2.41
258.42,520.77,0.323,2.366
258.58,521.09,0.317,2.322
258.75,521.4,0.311,2.279
258.92,521.71,0.305,2.237
259.08,522.02,0.299,2.195
259.25,522.33,0.294,2.153
259.42,522.65,0.288,2.113
259.58,522.95,0.283,2.073
259.75,523.26,0.277,2.034
259.92,523.57,0.272,1.995
260.08,523.88,0.267,1.957
260.25,524.19,0.262,1.919
260.42,524.51,0.257,1.882
260.58,524.81,0.252,1.846
260.75,525.13,0.247,1.81
260.92,525.44,0.242,1.775
261.08,525.74,0.237,1.74
261.25,526.05,0.233,1.706
261.42,526.37,0.228,1.673
261.58,526.68,0.224,1.64
261.75,526.99,0.219,1.608
261.92,527.29,0.215,1.576
262.08,527.61,0.211,1.545
262.25,527.93,0.206,1.514
262.42,528.24,0.202,1.484
262.58,528.55,0.198,1.455
262.75,528.86,0.194,1.426
262.92,529.17,0.191,1.397
263.08,529.47,0.187,1.369
263.25,529.78,0.183,1.341
263.42,530.09,0.179,1.314
263.58,530.4,0.176,1.288
263.75,530.71,0.172,1.262
263.92,531.02,0.169,1.236
264.08,531.33,0.165,1.211
264.25,531.65,0.162,1.186
264.42,531.96,0.158,1.162
264.58,532.27,0.155,1.138
264.75,532.59,0.152,1.115
264.92,532.9,0.149,1.093
265.08,533.21,0.146,1.07
265.25,533.52,0.143,1.048
265.42,533.82,0.14,1.027
265.58,534.14,0.137,1.006
265.75,534.44,0.134,0.986
265.92,534.75,0.132,0.966
266.08,535.06,0.129,0.946
266.25,535.37,0.126,0.927
266.42,535.68,0.124,0.908
266.58,535.99,0.121,0.89
266.75,536.29,0.119,0.871
266.92,536.6,0.116,0.854
267.08,536.9,0.114,0.836
267.25,537.22,0.112,0.819
267.42,537.53,0.109,0.803
267.58,537.84,0.107,0.787
267.75,538.15,0.105,0.771
267.92,538.46,0.103,0.755
268.08,538.77,0.101,0.74
268.25,539.08,0.099,0.726
268.42,539.38,0.097,0.711
268.58,539.69,0.095,0.697
268.75,540,0.093,0.683
268.92,540.32,0.091,0.67
269.08,540.63,0.09,0.657
269.25,540.94,0.088,0.644
269.42,541.25,0.086,0.631
269.58,541.56,0.084,0.619
269.75,541.87,0.083,0.607
269.92,542.18,0.081,0.595
270.08,542.49,0.08,0.584
270.25,542.81,0.078,0.573
270.42,543.11,0.077,0.562
270.58,543.42,0.075,0.551
270.75,543.73,0.074,0.541
270.92,544.04,0.072,0.531
271.08,544.34,0.071,0.521
271.25,544.63,0.07,0.512
271.42,544.94,0.069,0.503
271.58,545.25,0.067,0.494
271.75,545.57,0.066,0.485
271.92,545.88,0.065,0.476
272.08,546.19,0.064,0.468
272.25,546.49,0.063,0.46
272.42,546.8,0.062,0.452
272.58,547.11,0.061,0.444
272.75,547.43,0.06,0.437
272.92,547.74,0.059,0.43
273.08,548.04,0.058,0.423
273.25,548.35,0.057,0.416
273.42,548.67,0.056,0.409
273.58,548.98,0.055,0.402
273.75,549.29,0.054,0.396
273.92,549.6,0.053,0.389
274.08,549.91,0.052,0.384
274.25,550.22,0.052,0.378
274.42,550.53,0.051,0.372
274.58,550.84,0.05,0.367
274.75,551.15,0.049,0.362
274.92,551.46,0.049,0.356
275.08,551.76,0.048,0.351
275.25,552.07,0.047,0.346
275.42,552.37,0.047,0.342
275.58,552.69,0.046,0.337
275.75,553,0.045,0.333
275.92,553.31,0.045,0.329
276.08,553.62,0.044,0.325
276.25,553.94,0.044,0.321
276.42,554.25,0.043,0.317
276.58,554.56,0.043,0.313
276.75,554.87,0.042,0.31
276.92,555.18,0.042,0.306
277.08,555.49,0.041,0.302
277.25,555.79,0.041,0.299
277.42,556.11,0.04,0.296
277.58,556.42,0.04,0.293
277.75,556.73,0.04,0.29
277.92,557.03,0.039,0.287
278.08,557.34,0.039,0.285
278.25,557.65,0.038,0.282
278.42,557.95,0.038,0.279
278.58,558.25,0.038,0.277
278.75,558.55,0.037,0.275
278.92,558.87,0.037,0.272
279.08,559.18,0.037,0.27
279.25,559.5,0.037,0.268
279.42,559.82,0.036,0.266
279.58,560.12,0.036,0.264
279.75,560.43,0.036,0.262
279.92,560.73,0.036,0.26
280.08,561.04,0.035,0.259
280.25,561.35,0.035,0.257
280.42,561.67,0.035,0.255
280.58,561.98,0.035,0.254
280.75,562.29,0.034,0.252
280.92,562.6,0.034,0.251
281.08,562.9,0.034,0.249
281.25,563.21,0.034,0.248
281.42,563.52,0.034,0.247
281.58,563.82,0.033,0.246
281.75,564.13,0.033,0.245
281.92,564.44,0.033,0.243
282.08,564.75,0.033,0.242
282.25,565.05,0.033,0.241
282.42,565.36,0.033,0.24
282.58,565.66,0.033,0.239
282.75,565.98,0.033,0.239
282.92,566.29,0.032,0.238
283.08,566.6,0.032,0.237
283.25,566.91,0.032,0.236
283.42,567.22,0.032,0.236
283.58,567.54,0.032,0.235
283.75,567.83,0.032,0.235
283.92,568.13,0.032,0.234
284.08,568.44,0.032,0.233
284.25,568.75,0.032,0.233
284.42,569.07,0.032,0.232
284.58,569.37,0.032,0.232
284.75,569.68,0.032,0.231
284.92,569.99,0.031,0.231
285.08,570.29,0.031,0.231
285.25,570.59,0.031,0.23
285.42,570.89,0.031,0.23
285.58,571.2,0.031,0.23
285.75,571.52,0.031,0.23
285.92,571.83,0.031,0.229
286.08,572.13,0.031,0.229
286.25,572.44,0.031,0.229
286.42,572.74,0.031,0.229
286.58,573.05,0.031,0.229
286.75,573.36,0.031,0.229
286.92,573.67,0.031,0.229
287.08,573.99,0.031,0.229
287.25,574.29,0.031,0.229
287.42,574.59,0.031,0.229
287.58,574.89,0.031,0.229
287.75,575.19,0.031,0.228
287.92,575.5,0.031,0.228
288.08,575.81,0.031,0.229
288.25,576.12,0.031,0.228
288.42,576.43,0.031,0.229
288.58,576.73,0.031,0.229
288.75,577.04,0.031,0.229
288.92,577.34,0.031,0.229
289.08,577.64,0.031,0.229
289.25,577.94,0.031,0.229
289.42,578.24,0.031,0.229
289.58,578.54,0.031,0.23
289.75,578.84,0.031,0.23
289.92,579.14,0.031,0.23
290.08,579.43,0.031,0.23
290.25,579.73,0.031,0.23
290.42,580.04,0.031,0.231
290.58,580.34,0.032,0.232
290.75,580.63,0.032,0.231
290.92,580.93,0.032,0.231
291.08,581.22,0.032,0.231
291.25,581.51,0.032,0.231
291.42,581.81,0.032,0.232
291.58,582.11,0.032,0.232
291.75,582.4,0.032,0.232
291.92,582.7,0.032,0.232
292.08,582.99,0.032,0.233
292.25,583.28,0.032,0.233
292.42,583.58,0.032,0.234
292.58,583.88,0.032,0.234
292.75,584.17,0.032,0.234
292.92,584.46,0.032,0.235
293.08,584.75,0.032,0.235
293.25,585.04,0.032,0.235
293.42,585.34,0.032,0.236
293.58,585.63,0.032,0.236
293.75,585.94,0.032,0.237
293.92,586.24,0.032,0.238
294.08,586.53,0.032,0.238
294.25,586.83,0.033,0.239
294.42,587.13,0.033,0.239
294.58,587.43,0.033,0.24
294.75,587.73,0.033,0.24
294.92,588.02,0.033,0.24
295.08,588.31,0.033,0.241
295.25,588.6,0.033,0.241
295.42,588.9,0.033,0.242
295.58,589.2,0.033,0.242
295.75,589.5,0.033,0.243
295.92,589.81,0.033,0.243
296.08,590.11,0.033,0.244
296.25,590.41,0.033,0.244
296.42,590.7,0.033,0.245
296.58,591,0.033,0.245
296.75,591.29,0.033,0.245
296.92,591.58,0.034,0.246
297.08,591.87,0.034,0.247
297.25,592.17,0.034,0.247
297.42,592.47,0.034,0.248
297.58,592.77,0.034,0.248
297.75,593.08,0.034,0.249
297.92,593.37,0.034,0.249
298.08,593.67,0.034,0.25
298.25,593.97,0.034,0.25
298.42,594.27,0.034,0.251
298.58,594.56,0.034,0.251
298.75,594.86,0.034,0.251
298.92,595.16,0.034,0.252
299.08,595.45,0.034,0.253
299.25,595.74,0.035,0.253
299.42,596.04,0.035,0.254
299.58,596.34,0.035,0.255
299.75,596.63,0.035,0.255
299.92,596.93,0.035,0.256
300.08,597.23,0.035,0.257
300.25,597.52,0.035,0.257
300.42,597.82,0.035,0.258
300.58,598.11,0.035,0.258
300.75,598.41,0.035,0.259
300.92,598.69,0.035,0.26
301.08,598.98,0.035,0.26